# Known OpenSpectra-vs-oracle 3.0.0 divergences (ratchet; see scripts/parity-probe.py).
# Generated by `scripts/parity-probe.py --write-known`; review the diff, do not hand-edit.
# kind	subject	divergence
output	analyze <change>	stdout-differs
output	analyze <change> --json	value .findings[].location
output	analyze <change> --json	value .findings[].recommendation
output	analyze <change> --json	value .findings[].recommendation_msg.key
output	analyze <change> --json	value .findings[].recommendation_msg.params.req
output	analyze <change> --json	value .findings[].recommendation_msg.params.scenario
output	analyze <change> --json	value .findings[].recommendation_msg.params.spec
output	analyze <change> --json	value .findings[].summary
output	analyze <change> --json	value .findings[].summary_msg.key
output	analyze <change> --json	value .findings[].summary_msg.params.req
output	analyze <change> --json	value .findings[].summary_msg.params.scenario
output	analyze <change> --json	value .findings[].summary_msg.params.spec
output	drift <change> --json	oss-only .unresolved_anchors[]#len
output	list	stdout-differs
output	list --json	value .changes[].completedTasks
output	list --json	value .changes[].name
output	list --json	value .changes[].status
output	list --json	value .changes[].summary
output	list --json	value .changes[].totalTasks
output	status --change <change> --json	oss-only .artifacts[].requires[]
output	status --change <change> --json	oss-only .artifacts[].requires[]#len
output	status --change <change> --json	oss-only .isPlanningComplete
output	validate --changes	exit 0->1
output	validate --changes	stdout-differs
output	validate --changes --json	exit 0->1
output	validate <change>	exit 0->1
output	validate <change>	stdout-differs
surface	feedback	missing-command
