skill	bytes	sha256
tdd	8305	9c260d17cec68861311d6d9868c2ff7e4d8ddac23d4a3e5e5c1d3eab9dbfc4c6
audit	9442	39fb699f789d880154fa15fcc812b225bfa73807e7c2918a1fe250671baef315
apply	17760	76cf75e5ab07dc8d85d7c4b766b5229b3455651e9706a4c3e0c08472df7c04bf
archive	5520	cf6fb13da495eb937bc86341ced4c06bd3bc0d875bd8d479115eb226ea3a7e06
ask	7165	3b856616ab9d412850b5d2d3727c97a04d5141571b532f4f840460aa6e891bde
commit	8525	afc5355e80290b5c43af9969a05cadc12cd8f7d6b462f0e88db8ec16031d5803
debug	4319	7be4623d8d3ca3249c87b3b118512bc2313db9b0d717b2042efeba96d4a7a0f7
discuss	14417	17c4819f256f521ac8767b986b7db3a7667c7d7a4ab07d326a8948bf361bbf4b
drift	6033	674ab13162f95caf5aff540d82e051c660ab99fb1d073c1bd790014b01b455e9
ingest	14479	94ad2cda07a129b247920811be117b95668ea2f9dab242f382985637c6f339e5
propose	17956	15bba3681b059fa279bf1aa758a113a9d834e3f6d8d08b3fd8a091ab08d244f5
analyze	2720	2f58b8250aa66540e06609384dc2ff41e47a990ef3c0bd793005429ba1f893df
verify	6944	66ac7208e2662b90c9501fc7915667410e35b2d8010094f670da24581c9cbb34
sync	4458	4a51e20d71fc155e0eaa2bd8e745ba4b64fb3d49262c3582c6a07a7b6da8e260
clarify	2676	89baad593b4d7e0c03c03b71e4a62c33fa9ec83ea97e1b2044a2d9818575d2dd
